last_name,first_name,address1,address2,city,state,zip_code
Langlands,Nadean,85 Clemons Plaza,,Charleston,WV,25321
Hepher,Corinna,0 Londonderry Junction,,Peoria,IL,61635
Scoggin,Lemmie,70723 Nancy Center,,Lexington,KY,40596
Szymanowicz,Camile,9 Independence Trail,,Hot Springs National Park,AR,71914
Sammars,Kathi,9034 Reindahl Junction,,Dallas,TX,75287
Hesser,Zachary,85 Weeping Birch Pass,,Elizabeth,NJ,7208
Gotthard.sf,Corinna,5 Mesta Place,,Buffalo,NY,14210
Davison,Trumaine,28668 Red Cloud Circle,,Saint Paul,MN,55146
Lewerenz,Marcellina,9 Magdeline Lane,,Kansas City,MO,64142
Donan,Leesa,843 6th Park,,Tyler,TX,75710
Greasley,Gregoire,4 Corscot Terrace,,Johnstown,PA,15906
Jehaes,Queenie,265 Melody Alley,,Tulsa,OK,74149
Shyram,Elfreda,400 Vermont Parkway,,Philadelphia,PA,19151
Lente,Barnabas,792 Harbort Center,,Peoria,IL,61635
Fellowes,Ted,1 Northport Street,,Gainesville,GA,30506
Fretson,Lyda,34 Eastlawn Junction,,Washington,DC,20036
Copo,Penni,13599 Maryland Plaza,,San Diego,CA,92196
Jeakins,Arline,4 Dottie Trail,,Redwood City,CA,94064
Rannald,Annie,10920 Commercial Parkway,,Fort Lauderdale,FL,33325
Darwen,Clementius,920 Coleman Street,,Athens,GA,30610
Gittose,Leia,49 Pleasure Junction,,Boulder,CO,80310
Blanden,Rosalia,79410 Hauk Trail,,Augusta,GA,30905
Maykin,Lamond,9 Springs Lane,,Bethesda,MD,20816
Boullin,Christian,228 Dunning Parkway,,Washington,DC,20337
Vannini,Nestor,404 Northridge Park,,Washington,DC,20057
Coning,Gunner,7888 Canary Lane,,Fort Lauderdale,FL,33325
Baldetti,Archer,63 Bobwhite Street,,Erie,PA,16550
Beach,Georgette,433 Troy Alley,,Santa Ana,CA,92705
Askew,Elihu,805 Farragut Pass,,Pittsburgh,PA,15235
Rany,Tracee,3312 Pankratz Crossing,,Colorado Springs,CO,80935
Paeckmeyer,Mahmoud,61 Maywood Center,,Bakersfield,CA,93381
Goodboddy,Whitney,64364 Dakota Trail,,Newark,NJ,7112
Goodrick,Guenna,294 Brentwood Plaza,,Pocatello,ID,83206
Colombier,Gerri,7 Del Sol Lane,,Philadelphia,PA,19160
Mordue,Abigael,99153 Sauthoff Terrace,,San Jose,CA,95194
Dearnley,Kiersten,94 Alpine Street,,Wichita,KS,67236
Keeping,Herold,90401 Cherokee Hill,,Birmingham,AL,35231
Naismith,Zena,26896 Kennedy Plaza,,Boulder,CO,80305
Byrch,Doyle,733 Arapahoe Parkway,,New York City,NY,10099
Vogl,Bianka,29 Duke Parkway,,Saint Louis,MO,63104
Dyer,Cristen,5 Fair Oaks Hill,,Saint Louis,MO,63116
Layfield,Zacharie,03 Miller Park,,Mc Keesport,PA,15134
Reyna,Kali,8213 Homewood Junction,,Jackson,MS,39204
Geertje,Connie,60 Portage Hill,,Denton,TX,76205
Glazer,Melicent,3 Saint Paul Road,,Corpus Christi,TX,78465
Braithwait,Wynne,3 Lawn Alley,,Yonkers,NY,10705
Flarity,Kristel,27139 Mariners Cove Road,,Montgomery,AL,36177
Alanbrooke,Hilarius,371 Bluestem Center,,Dayton,OH,45454
Spata,Bernete,1766 Forest Circle,,Lexington,KY,40576
Hunting,Alysa,4 Eagan Circle,,Sacramento,CA,94286
Teasdale,Zorine,7 Nobel Plaza,,San Francisco,CA,94147
Fancourt,Tobey,76 New Castle Center,,Fort Myers,FL,33913
Petrillo,Yehudit,8937 Paget Point,,San Francisco,CA,94147
Rawlyns,Bendite,990 Maple Wood Avenue,,Saint Paul,MN,55166
Margetson,Shelden,90 Pawling Parkway,,Panama City,FL,32405
Cornelleau,Terrie,2582 Mifflin Hill,,Albuquerque,NM,87190
Masedon,Annabelle,3 Scofield Terrace,,Jacksonville,FL,32277
Clifforth,Donalt,44 Vidon Court,,Indianapolis,IN,46295
Robben,Robbert,8 Autumn Leaf Terrace,,Sacramento,CA,94280
Cambden,Moria,0 Westerfield Pass,,Washington,DC,20599
Stennard,Lodovico,06 Service Point,,Washington,DC,20310
McKean,Annette,6 Prairie Rose Way,,Memphis,TN,38119
Eneas,Tracy,901 Anniversary Road,,Garden Grove,CA,92844
Danilowicz,Leodora,3 Rigney Crossing,,Memphis,TN,38104
Sazio,Emili,7 Prentice Terrace,,New Brunswick,NJ,8922
Hurt,Cirillo,9538 Browning Parkway,,Falls Church,VA,22047
Larmett,Ranice,111 American Ash Court,,Springfield,MA,1152
Neagle,Beilul,841 Russell Terrace,,Pittsburgh,PA,15266
Balharry,Ursulina,51613 Mcbride Way,,Detroit,MI,48275
Mcall,Henri,74 Everett Point,,Cleveland,OH,44130
Euler,Wait,8059 Hollow Ridge Hill,,Las Vegas,NV,89155
Kondratowicz,Rhonda,4 Melrose Drive,,Washington,DC,20057
Westfield,Lonnard,52 Old Gate Court,,Cleveland,OH,44177
Simo,Isabelle,78 Ilene Street,,Washington,DC,20370
Mee,D'arcy,50 Dunning Center,,Birmingham,AL,35231
Antonijevic,Lief,2 Annamark Point,,Sioux Falls,SD,57193
Summerside,Morganica,14 Warrior Point,,Chicago,IL,60636
Gilogly,Tory,13123 Burning Wood Street,,Colorado Springs,CO,80951
Halden,Danya,28 Anzinger Alley,,Saint Louis,MO,63110
Wemes,Rory,0047 Fairview Hill,,Charleston,WV,25326
Memmory,Willdon,034 Bultman Center,,Shawnee Mission,KS,66220
Comberbach,Fax,6 Weeping Birch Pass,,Naples,FL,34102
Manjot,Cindie,70 Summerview Avenue,,Kansas City,MO,64142
Cheeke,Quintilla,705 Starling Hill,,Arlington,TX,76011
Roney,Fredia,649 Melrose Way,,Charleston,WV,25336
Pilkington,Ronna,31289 Dennis Center,,Phoenix,AZ,85083
Cambden,Moria,0 Westerfield Pass,,Washington,DC,20599
Palluschek,Padget,28475 Ilene Alley,,Tempe,AZ,85284
Conquer,Hedi,72738 Fair Oaks Lane,,Manassas,VA,22111
Moorman,Waiter,64 Roth Plaza,,Greensboro,NC,27425
Guiver,Balduin,9340 Green Trail,,Detroit,MI,48206
Gue,Maison,35 Lyons Plaza,,Los Angeles,CA,90076
New,Alain,613 Eastwood Junction,,Chattanooga,TN,37410
Matushenko,Kim,0 Claremont Street,,Miami,FL,33185
Fancutt,Diane,902 Anderson Crossing,,Los Angeles,CA,90055
Jope,Jammie,13 Grim Pass,,Dallas,TX,75310
Riditch,Cirilo,1 Tennessee Junction,,Dearborn,MI,48126
Bletso,Carlota,6884 Dunning Drive,,Long Beach,CA,90805
Innis,Gordy,5 Warrior Pass,,New York City,NY,10105
Gaylard,Katharine,465 Westend Way,,Spartanburg,SC,29319
